product_code,name,vendor_code,color,purchase_price,cup_type,price,photo,sizes,stock
А20,"Трусики еротичні ""Лілія"", різні кольори. Код: А20",,різні кольори,80,,210,,"розовий, бордо, білий",3
А69,"Еротичний набір бордо, S, M, L, XL. Код: А69",#27/13,бордо,285,,699,,L/XL бордо,1
А166,"Сексуальний комплект з вишивкою, S. Код: А166",,мікс кольорів,412,,980,,S,1
А170,"Еротичний комплект кольору ізумруд, L. Код: А170",,зелений,240,,700,,L,1
A183,Еротичний комплект у сітку. Код: А183,"#9046-1, 9046-2","чорний, червоний",112.24,,350,,"чорний, червоний",2
А195,Червоні еротичні колготки з доступом. Код: А195,#5024,червоний,118.82,,250,,червоний,1
А206,Боді сітка на тіло. Код: А206090,#8836,чорний,153.07,,320,,чорний,1
А206,Боді на тіло. Код: А206306,# W306,чорний,153.07,,320,,чорний,1
А206,Боді на тіло еротичне. Код: А206829,# W829,чорний,153.07,,320,,чорний,1
А208,Трусики еротичні з доступом. Код: А208,"#6030-1,6030-4",розовий,42.86,,100,,розовий,1
А212,Еротичний набір. Код: А212,"#3030-1, 3030-2",червоний,224.48,,520,,червоний,1
А213,Комплект еротичний L. Код: А213,"#1718-2, 1718-3",червоний,196.42,,390,,L червоний,1
А214,Еротичні трусики з бусинами. Код: А214,"#3991-1, 3991-2","чорний, червоний",47.14,,180,,"чорний, червоний",2
А217,Чоловічі стрінги із вирізом. Код: А217,"#1206-4, 1206-6","чорний, червоний",33.11,,85,,"чорний, червоний",2
K104,Панчохи еротичні. Код: К104,#2127,чорний,132,,250,,чорний,1
K106,Панчохи еротичні. Код: К106,#2078,чорно-червоний,182,,300,,чорно-червоний,1
K109,Панчохи еротичні. Код: К109,#2025,білий,132,,250,,білий,1
K110,Панчохи еротичні. Код: К110,#2014,червоний,145,,290,,червоний,1
K114,Панчохи еротичні. Код: К114,#2154,чорний,180,,340,,чорний,1
K115,Панчохи еротичні. Код: К115,#2115,чорний,130,,270,,чорний,1
K116,Панчохи еротичні. Код: К116,#2132,"чорний, червоний",180,,360,,"чорний, червоний",2
K117,Чулки еротичні. Код: К117,#2015,чорно-червоний,145,,290,,чорно-червоний,1
K124,Чулки еротичні. Код: К124,#2072,"чорний, червоний",180,,360,,"чорний, червоний",2
K125,Чулки еротичні. Код: К125,#4185,чорний,160,,320,,чорний,1
А156,"Настільна гра ""Ті + Я"" для двох 18+. Код: А156",,,400,,420,,1 шт,1
А158,Мотузка для BDSM ігор 10 метрів. Код: А158,,чорний,170,,170,,1 шт,1
А159,Пестіси (наліпки на грудях) чорні. Код: А159,,чорний,15,,60,,1 пара,1
А162,Паддл чорно-червоний для BDSM ігор. Код: А162,#5413,чорний,121.5,,280,,"XOXO, Slave",2
А173,Чоловіча шляпа циліндр високий. Код: А173,#15-230-L,чорний,345,,400,,1 шт,1
А174,"Жіноча карнавальна маска ""Леді Х"". Код: А174",#16-372,чорний,65,,120,,1 шт,1
А175,"Чоловіча карнавальна маска ""Містер Х"". Код: А175",#13-632,чорний,85,,120,,1 шт,1
А176,"Брошка-шпилька ""Кармен"" 20 см. Код: А176",#19-874,червоний,225,,300,,1 шт,1
А178,Кляп. Код: А178,#5425-1,чорно-червоний,123.46,,250,,1 шт,1
А181,Свічі низькотемпературні. Код: А181,#5510,мікс кольорів,139.15,,270,,1 набір,1
А182,Наручники для рольових ігор. Код: А182,"#5404-1, 5404-2",чорний,87.7,,220,,чорні,1
А189,Чокер на шию. Код: А189,,чорний,142,,300,,"з шипами, із тканини",2
А191,Брелок на ключі BDSM логотип триксель. Код: А191,,чорний,79,,120,,1 шт,1
А192,Шестигранний кубик Пози для дорослих ігор. Код: А192,"#0917, 0918",білий,18.5,,40,,"білий, неон",2
А194,Маска кішки на регульованій резинці. Код: А194,#4101,"чорний, бордо",164.08,,280,,"бордо, чорний",2
А196,BDSM маски на очі. Код: А196,#5401,чорний,44.53,,100,,1 шт,1
А198,Флогер (батіг) для дорослих ігор. Код: А198,#5414,чорно-червоний,101.84,,250,,1 шт,1
А199,БДСМ затискачі для сосків. Код: А199,#5409,чорний,28.29,,75,,1 пара,1
А199,БДСМ затискачі для сосків на ціпку. Код: А199,#5411,чорний,36.78,,75,,1 пара,1
А201,Розкішна жіноча маска Кішка у стразах. Код: А201,,золотий,110,,340,,золота,1
А205,Повідець (ошийник) для BDSM ігор. Код: А205,#4103,чорний,79.21,,170,,1 шт,1
А207,BDSM кляп. Код: А207,#5402,чорний,47.31,,140,,1 шт,1
А220,Бондажна стрічка для BDSM ігор. Код: А220,#5407,чорний,71.86,,150,,1 шт,1
Т1,Трусики від комплектів Код: Т1,,різні,60,,140,,"7020, 2091, 7148",15
А177,Жіночі новорічні трусики різні. Код: А177,,різні,66,,130,,"1, 1, 1, 1, 1, 1, 1, 1, 1",0
Т2,"Трусики бікіні Coeur Joie, S, M, L. Код: Т2",9986,"черн,бел",64.8,,160,,"б.XL, ч.S, ч.M",15
Т3,Безшовні трусики мікрофібр з V-подібною талією. Код: Т3,РД171,"мол,малин,карамель",55.3,,120,,"мол.XL, мал.S, мал.XL, мал.XL, кар.L, кар.XL",18
Т6,Набір стрінгів із 3 шт.,44757,"серо-розовая клетка, белые, серо-цветастые",19.97,,50,,"S, L",14
Т7,Набір стрінгів із 3 шт.,44758,"бирюзово-полосатые, в горошек, однотонные",19.1,,50,,"S, XL, M, M",16
Т8,"Боксери чоловічі GUCCI, L, XL, 2XL. Код: Т8",C-9023 GUCCI,різні,97.39,,220,,"L, XL, XL, XL, L, L, L, L, XL, XL, XL",23
Т9,"Трусики бікіні Coeur Joie, S, M, L. Код: Т9",2069,бордо,57.02,,160,,"бор.S, бор.S, бор.M, бор.M, бор.L, бор.L",18
Т10,"Трусики бікіні Coeur Joie, S, M, L. Код: Т10",1907,"борд,мол,пудра",47.42,,180,,"бор.S, бор.S, бор.L, мол.S, мол.S, мол.M, мол.M, мол.L, мол.L, пу.S, пу.S, пу.M, пу.M, пу.L, пу.L",27
Т11,"Трусики у стилі Victoria's Secret, M, L, XL. Код: Т11","2082, 1232","чер,бел,марс,молоч",81,,250,,"салат.M, салат.XL",14
Т16,"Чорні трусики ХL, 2XL, 3XL. Код: Т16",#5189,чорний,50.31,,120,,XL,13
Т18,"Сексуальні бікіні трусики, M, L, XL. Код: Т18",В116,"червоний, черн",77,,180,,к.XL,13
Т24,"Трусики жіночі різні кольори, 2XL, 3XL, 4XL. Код: Т24",8817,різні,36,,90,,"син.4XL, чер.3XL",14
Т26,Пантолони жіночі чорні. Код: Т26,230,чорні,55,,95,,3XL,13
Т27,"Чорні прозорі стрінги, р.42-44. Код: Т27",4630,чорні,41,,95,,42-44,13
Т28,"Білі трусики XL, 2XL, 3XL. Код: Т28",66075,білі,24,,95,,3XL,13
Т29,Трусики з мереживними вставками 4XL. Код: Т29,63990,білі,35.3,,75,,4XL,13
Т30,Боді зі стрінгами з корекцією. Код: Т30,Ф100,"беж, черн",119.35,,280,,"ч.M, ч.L, ч.XL",15
Т31,"Високі бежеві трусики з утяжкою, M, L, XL. Код: Т31",14,бежевий,42.4,,110,,M,13
Т32,"Стринги-утяжка високі, L, XL, 2XL. Код: Т32",У112,"беж,черн",71.23,,180,,б.2XL,13
Т33,"Білі стрінги Annajolly, S, M, L, XL. Код: Т33",60906,белые,50,,160,,M,13
Т34,"Білі бразилії Annajolly, S, M, L. Код: Т34",8772,білі,41,,120,,S,13
Т35,"Трусики-утяжки високі, два кольори. Код: Т35",У366,"беж,черн",125.13,,280,,"ч.XL, ч.2XL, б.3XL",15
Т36,"Білі трусики з мереживними вставками 6XL, 7XL. Код: Т36",63850,білі,41.2,,80,,6XL,13
Т38,"Чорні трусики утяжка, розмір free (46-50). Код: Т38",3308,різні,56,,120,,"free, free",14
Т39,"Чоловічі новорічні труси, XL, 2XL, 3XL, 4XL. Код: Т39",YA3903 0110,різні,53.3,,110,,XL,13
Т40,"Боксери труси Under Armour, XL, 2XL. Код: Т40",119,"син,чер,сер",43,,95,,XL,13
Т43,Чоловічі сімейні труси великих розмірів. Код: Т43,973,різні,43,,90,,5XL,13
Т46,"Чоловічі труси плавки, один розмір. Код: Т46",GT M4,різні кольори,15,,50,,"S, S, M",15
Т47,"Чорні мереживні стрінги у стилі VS, M, L, XL. Код: Т47",1235,різні,105,,250,,"кр.XL, пу.M, пу.L, бел.M, бел.L, бел.XL, чер.M, чер.L, чер.XL, мал.XL, сир.M, сир.L",24
Т48,"Чорні прозорі трусики стрінг, р.44-46. Код: Т48",897,чорний,56,,125,,44-46,13
Т51,"Трусики стрінги, розміри S, M, L",Tant 07,різні кольори,7.5,,30,,"S, M, гол.L, бел.L, L",17
Т53,"Трусики, ХL, 2ХL, 3ХL, 4ХL. Код: Т53",813-1,микс,38,,90,,,12
Т54,"Трусики жіночі, 3XL, 4XL, 5XL. Код: Т54",6901,микс,45,,105,,"сир.3XL, сир.5XL",14
Т57,Трусики розмір 44-46 (M),GT19SH,белые в малиновую звездочку,11.1,,35,,"M, M",14
Т62,"Боксер бамбук Секс Камасутра, 3XL, 4XL. Код: Т62",9068,"сер,жел,гол",61,,140,,"г.3XL, г.4XL",14
Т67,Труси стрінги мереживні,---,"чорний, білий",0,,30,,"ч M, ч L, б S, ч M",16
Т68,Чоловічі труси боксери 6XL. Код: Т68,"#5011, 60195",синие,58.8,,120,,6XL,13
Т69,Еротичні трусики з брюликом. Код: Т69,с02,чорний,37,,95,,free,13
Т70,Труси для хлопчиків 3-6 років,7656т,різні кольори,10,,25,,1,13
Т71,"Чоловічі труси боксери, L, XL, 2XL, 3XL. Код: Т71",G-3124,різні,54,,120,,"2XL, 3XL",14
Т72,Трусики підліткові з леоп.вставкою (42-44),56,різні кольори,10,,20,,"мал.S, гол.S",14
Т74,Боксери для хлопчиків 9-14 років,2782т,"серый, чорний, білий",17,,35,,1,13
Т75,Трусики бразилії х/б з V-подібною лінією талії. Код: Т75,B002_чорний,чорний,35,,90,,L,13
Т76,"Трусики в стилі VS, 4 кольори, M, L, XL. Код: Т76",903,"черн,червоний,бел,малин",105,,250,,"бел.L, чер.L",14
Т77,"Трусики у стилі Victoria's Secret, M, L, XL. Код: Т77","1257, 3477","мол,черн,червоний,черн-бел",100.63,,250,,"ч-б.L, ч-б.XL, ч.M, ч.2XL",16
Т80,Білі стрінги AnnaJolly ажурні. Код: Т80,7313,"білий,червоний",42,,160,,"б.S, б.S, б.M, б.L, б.L, к.S",18
Т81,Мереживні трусики спереду х/б,39135,білий (МАЛОМЕРЯТ),21.7,,50,,L,13
Т85,"Трусики-танга у стилі VS, у чорному кольорі. Код: Т85",909,черн,86.54,,220,,чер.M,13
Т86,Чоловічі боксери стрейчові бамбук.,"INS-254, INS-209","крупная, мелкая клетка",29,,75,,4XL,13
Т87,Чоловічі боксери стрейчові (батали),INS-135,"чёрные, серые, синие",39,,75,,7XL,13
Т88,"Трусики, асорти квітів, 2XL, 3XL, 4XL. Код: Т88",8818,різні,55.1,,130,,беж.4XL,13
Т91,Плавки підліткові х/б (Німеччина),,"голубой, темно-синий",35,,65,,"L, L",14
Т92,Жіночі труси з утяжкою живота білі,3XL-4XL,білий,35,,90,,р.54-56,13
Т93,"Мереживні жіночі труси х/б, р.48-50",,різні кольори,0,,40,,"беж, желт, черн, синий, корал",17
Т97,"Труси з утяжкою (Німеччина), білі, бежеві",р.100,"білий, бежевий",35,,160,,"бел., беж.",14
Т99,"Ажурні стрінги з вибитим візерунком, нар. 85-103 (L-XL)",LV107,білий,11,,25,,"1, 1, 1, 1, 1, 1, 1",19
Т100,"Ажурні стрінги з вибитим візерунком, нар. 85-103 (L-XL)",LV107,бежевий,11,,25,,"1, 1, 1, 1, 1",17
Т101,"Ажурні стрінги ""Тюльпан"" M, L, XL",LV151,білий,10,,25,,"1, 1, 1, 1, 1, 1, 1, 1, 1, 1",22
Т102,"Жіночі трусики стрінги в'язка з візерунком, р. 44-48",LV2233,"чорний, бежевий",7,,20,,"чер, беж, беж, беж, беж, беж, беж, беж, беж, беж, беж, беж",24
Т103,Трусики-бразилії мереживні чорного кольору. Код: Т103,614,чорний,29,,80,,M,13
Т104,"Чоловічі боксери Columbia, 2XL, 3XL. Код: Т104",U78,"сірий,білий,голубий,синій,чорний",93,,200,,"3XL, 3XL",14
Т105,"Чоловічі боксери Diesel, L, XL, 2XL, 3XL. Код: Т105",,"червоний,сірий,білий,синій,чорн",93,,200,,"L, L, 2XL",15
Т110,"Боксери Lacoste, L, XL, 2XL, 3XL. Код: Т110",U7,"зел,черн",93,,200,,ч. L,13
Т111,"Трусики-танга, нар. 40-42-44 (L-XL)",571-60,чорний,8,,25,,"1,1,1",15
Т113,"Труси х/б (Італія), білі, р.50-52",28118,білий,35,,65,,XL,13
Т115,"Труси ""Однотонні гіпюровий кант"" нар. 46-50",161с,різні кольори,13,,40,,роз.3XL,13
Т116,"Трусики сліпи мікрофібру, XL, 2XL, 3XL. Код: Т116",А858,різні,57.1,,150,,"XL, XL, XL, 2XL, 2XL, 2XL, 2XL, 3XL, 3XL",21
Т117,Трусики бікіні в смужку нар. 46-48 (2XL),052с,різні кольори,10,,35,,"фиол, фиол, желт, розов, червоний, червоний, зелен, зелен",20
Т119,Модні трусики з тонкою резинкою. Код: Т119,CHLX 111,різні кольори,67,,160,,червоний.XL,13
Т120,Шикарні трусики ажурні. Код: Т120,2203,"чер,бел,червоний,молоч,фуксия",82.94,,180,,"ф.S, ф.L, ф.L, мол.S, мол.M, мол.M, мол.M, мол.M, мол.L, мол.L, кр.S, кр.M, ч.S, ч.S, ч.M, ч.L, ч.L, ч.XL",30
Т121,"Трусики бавовняні з гіпюром різних кольорів, р.46-50 (XL-2XL)",5801,різні кольори,15,,45,,"мал .2XL, гол.XL",14
Т123,"Бавовняні трусики ""Гіпюрова смуга"" нар. XL-2XL",058с,різні кольори,14,,40,,"желт.XL, корал.2XL",14
Т126,Сексуальні трусики з відкритим доступом. Код: Т126,,чорний,120,,240,,S-XL,13
Т128,Трусики з відкритим доступом. Код: Т128,,чорний,120,,240,,S-XL,13
Т129,"Трусики сліпи PINK, M, L. Код: Т129",1202,"черн,розов",59.2,,180,,ч.L,13
Т133,Чорні трусики стрінг Coeur Joie. Код: Т133,1891,"черн,беж",81,,180,,"беж.M, беж.L, беж.XL, чер.M, чер.M",17
Т135,"Молочні трусики стрінги, L, XL, 2XL. Код: Т135",9767,молочний,85.8,,180,,м.L,13
Т136,"Атласні бразиліани, всі кольори, L, XL, 2XL. Код: Т136",919,різні кольори,42.57,,100,,"L, 2XL",14
Т137,Жіночі бавовняні труси-сліп 46-50 (218),054с,різні кольори,14,,40,,малин,13
Т138,"Трусики бікіні, три кольори. Код: Т138",1873,"пуд,мол",68,,180,,"м.L, м.L, м.XL",15
Т139,"Гладкі трусики бікіні, S, M, L, XL. Код: Т139",9606,"чер,бел,лео",68.04,,180,,"б.S, б.L, б.L, ч.S, ч.M, ч.M, ч.M, ч.L, ч.L, ч.L, ч.L, ч.L, ч.L, ч.XL",26
Т140,Трусики 40-50 (0542),167с,різні кольори,13.5,,40,,"бел.М, гол.XL",14
Т142,"Три кольори, бікіні трусики, S, M, L, XL. Код: Т142",1923,"беж,мол,пуд,чер",72.8,,180,,"беж.L, м.L, м.L, м.XL, п.L, п.L",18
Т143,"червонийиві трусики, два кольори, M, L, XL, 2XL. Код: Т143",1969,"біл, пудра",77.76,,180,,"бел.L, бел.L, бел.XL, бел.XL, бел.2XL, бел.2XL, пу.L, пу.XL, пу.XL, пу.2XL, пу.2XL",23
Т144,"Трусики бразилії, два кольори, L, XL, 2XL. Код: Т144",9908,"біл,чор",83,,170,,б.M,13
Т148,"Червоні трусики стрінг еротичні, р.42-44. Код: Т148",826т,червоний,45.25,,120,,42-44,13
Т150,"Чорні трусики бікіні, S, M, L, XL. Код: Т150",2273,"мол,чер,пуд,червоний",100,,195,,"ч.S, ч.M, ч.L, п.L, мол.L, мол.XL, мол.XL, мол.2XL, мол.2XL, кр.L, кр.XL",23
Т151,Гіпюрові труси шорти,006т,різні кольори,12,,38,,фиол.M,13
Т152,"Чорні трусики бікіні, S, M, L, XL. Код: Т152",2280,"чер, червоний, бел",79,,180,,"ч.S, бел.S, бел.L, бел.L",16
Т154,"Труси стрінги ""Плямні"" нар. 46-50",037т,різні кольори,12,,40,,"беж.XL, корал.2XL, 1, 1, 1, 1",18
Т155,"Трусики бікіні, три кольори. Код: Т155",2219,"червоний, бел",78.54,,180,,"б.S, б.M, б.L, б.L, к.M, к.L, к.L",19
Т156,Чорний бікіні трусики. Код: Т156,2267,"черн,моло,бел",68,,180,,"м.M, м.M, м.L, м.L, м.XL, б.S, б.L, б.L, б.XL",21
Т157,"Трусики стрінги, два кольори. Код: Т157",2269,"черн,бел",68,,180,,б.S,13
Т158,"Трусики стрінги, два кольори. Код: Т158",2288,"черн,моло",68,,180,,м.XL,13
Т159,Чоловічі труси плавки 46-50,B109,"голубой, чорний, синий",19,,50,,гол XL,13
Т160,"Трусики стрінги, три кольори, S, M, L, XL. Код: Т160",60591,"бел,моло,кофей",81.2,,180,,"б.M, б.L, м.XL",15
Т163,"Трусики стрінги, два кольори. Код: Т163",2301,"черн,моло",78.5,,180,,"м.L, м.L",14
Т164,"Трусики американки на регуляторах, два кольори. Код: Т164",К7,"черн,бел",62,,150,,"б.M, б.XL",14
Т168,"Трусики стрінги з мереживом XL, різні кольори. Код: Т168",63167,"чорний, білий, бежевий",27.8,,60,,беж.XL,13
Т170,Чоловічі плавки INDENA. Код: Т170,20343,білий,26,,140,,"2XL, 2XL, 2XL, 2XL, 4XL",17
Т171,Підліткові плавки INDENA. Код: Т171,40500,"серый, чорний",35,,65,,"7-9, 9-11, 11-13",22
Т172,Мальчукові плавки IN.INCONT. Код: Т172,2020,"серый, чорний, синий",23,,60,,"XS, XS, XS, XS, XS, XS, S, S, S, S, S",23
Т179,"Безшовні трусики сліпи, S, M, L. Код: Т179",9485,"бел,чер,беж,роз",39.8,,100,,"роз.M, роз.M",14
Т180,"Американки безшовні трусики, M, L, XL. Код: Т180",9486,"бел,чер,беж,роз",39.8,,100,,"бел.XL, чер.XL",14
Т181,Бавовняні трусики на дітей 2-3 років. Код: Т181,40091,білий,14.4,,35,,"1, 1, 1, 1, 1, 1, 1",19
Т222,"Мереживні жіночі трусики, 44, 46, 48. Код: Т222",6025,"чер-беж,бел",36.23,,120,,"ч-б.L, ч-б.XL, б.M, б.M, б.L, б.L, б.XL, б.XL",20
Т223,"Чорні боксери Calvin Klein яскрава гумка, L, XL, 2XL, 3XL. Код: Т223",Хлопок,різні,111.5,,230,,L,13
Т223,Чорні боксери Calvin Klein 3XL Код: Т223,Хлопок,різні,97.44,,230,,"3XL, 3XL",14
Т237,Безшовні трусики джинсовий принт. Код: Т:237,,різні,31.5,,85,,червоний,13
Т238,"Неонові трусики-американки із гіпюром, р.L. Код: Т238",63163-1,різні,31,,65,,1,13
Т253,"Жіночі стрінги Calvin Klein, L із червоною гумкою. Код: Т253",,різні,47,,160,,"т-син, роз, роз, роз, роз, роз",18
Т263,"Трусики Coeur Joie, три кольори. Код: Т263",2207,"мол,беж,слив",69.3,,160,,м.L,13
Т264,Чорний бікіні трусики Coeur Joie. Код: Т264,2126,"черн,бел",68,,180,,"ч.M, ч.M, б.XL",15
Т270,"Трусики стрінги ""Огородик"". Код: Т270",033т,різні,10,,38,,жел,13
Т271,Безшовні стрінг з проклеєними швами на тонких гумках. Код: Т271,РД241_чорний,чорний,53.33,,120,,L,13
Т272,"Безшовні трусики бразилії, кавові. Код: Т272",9916,кофейный,37.53,,120,,"L, 2XL",14
Т273,Безшовні бразилії з V-подібним вирізом. Код: Т273,28,молоч (беж),47.4,,120,,"S, S, S, M, M, M, L, L, L, XL, XL, XL",24
Т280s,"Спортивні стрінги 42-44, 46-48. Код: Т280s",622,різні,26.5,,75,,"XL, XL",14
Т281,"Бавовняні трусики бразилії, S-M, L-XL. Код: Т281",Т127,різні,38,,95,,"роз.S-M, кр.S-M",14
Т282,"Бежеві трусики бразилії, M, L, XL. Код: Т282",515,бежевий,49.4,,120,,L,13
Т283,"Дитячі трусики ""Покемони"". Код: Т283",1042 XL,різні,15,,30,,"1,1,2001",15
Т285,"Дитячі трусики-шорти ""Білосніжка"". Код: Т285",652,різні,13,,30,,"1, 1, 1, 1",16
Т286,"Трусики-шортики ""Даша"". Код: Т286",650,різні,13,,30,,"1, 1",14
Т289,Трусики коттонові з мереживом зверху. Код: Т289,580,різні,25.5,,65,,1,13
Т290,"Безшовні трусики стрінги, L, XL, 2XL. Код: Т290",664,"пудр,розов,червоний,черн,беж,сирень,зелен",48,,120,,"пуд.2XL, роз.XL, зел.XL",15
Т291,"Бавовняні трусики, 2XL, 3XL, 4XL (50, 52, 54). Код: Т291",9463,"бел,беж,сирен,чер,сер,бор,зел,син",54,,120,,сир.3XL,13
Т292,"Коттонові трусики стрінги, S, M, L. Код: Т292",6267,"пудр,борд",34.2,,120,,"пуд.S, пуд.S, пуд.S, пуд.S, пуд.M, пуд.M, пуд.L, бор.S, бор.S, бор.S, бор.L",23
Т292,"Коттонові трусики стрінги, S, M, L. Код: Т292",6267,"бел, черн",34.2,,120,,бел.S,13
Т303,Молодіжні трусики. Код: Т303,40,"черн, бел",59.4,,120,,б.XL,13
Т304,"Трусики стрінги з високою талією, M. Код: Т304",597,різні,35.45,,100,,"червоний, червоний, червоний",15
Т305,"Чорні трусики з бавовни, M, L, XL, 2XL. Код: Т305",C001,чорний,33.2,,95,,"M, M, XL, 2XL",16
Т309,"Трусики еротичні, M. Код: Т309",#0501,"черн, червоний",35.25,,85,,червоний,13
Т310,"Трусики Anttifu, всі кольори. Код: Т310",8856,різні,40.1,,130,,"бор.XL, бор.2XL, бор.3XL",15
Т327,"Трусики-шорти мереживні бавовняні, 48-50. Код: Т327",G917,різні,25,,80,,1,13
Т330,"Трусики х/б бразильяну, L. Код: Т330",336,різні,25.75,,85,,син,13
Т333,"Трусики бікіні, три кольори. Код: Т333",9827,"кра,шам,чер",63.5,,160,,"кра.XL, ш.M",14
Т334,"Бавовняні трусики стрінги з мереживом, р.46, 48, 50. Код: Т334",5108,різні,21,,85,,"1, 1, 1, 1",16
Т341,Трусики. Код: Т341,#6811,різні,41,,95,,"1, 1, 1, 1, 1, 1, 1, 1, 1, 1",22
Т353,"Трусики сітка, що стягує. Код: Т353",26,"беж, бел",75.9,,170,,беж.XL,13
Т358,"Трусики бразилії, нар. М. Код: Т358","300160, 300-179",різні,22.8,,85,,"M, M, M",15
Т363,Трусики. Код: Т363,7702,різні,24,,85,,"1, 1",14
Т365,"Три кольори, трусики стрінги, S, M, L, XL. Код: Т365",1911,"бел,слива",70,,160,,"б.M, с.S",14
Т366,"Трусики бікіні чорні, S, M, L. Код: Т366",2027,чорний,52,,140,,ч.S,13
Т367,"Мереживні трусики бразилії, M. Код: Т367",4376,різні,28,,85,,M,13
Т369,"Безшовні трусики бразилії, M. Код: Т369",339,різні,26,,100,,"бел, чер, чер, M, M, M",18
Т370,"Чорні трусики танга мереживна попа, M, L. Код: Т370",4902,чорний,29,,85,,"ч.М, ч.М, ч.L",15
Т376,"Стринги з камінчиком, два кольори, M, L, XL. Код: Т376",1898,"черн, червоний",69.2,,160,,"ч.L, к.S, к.М",15
Т381,"Трусики бавовна, 3XL, 4XL, 5XL. Код: Т381",919,різні,38,,90,,"1, 1, 1, 1",16
Т382,"Трусики бавовна, 2XL, 3XL, 4XL. Код: Т382",336,різні,39,,90,,"1,1,2001",15
Т383,"Трусики, S, M, L. Код: Т383",6703,різні,28,,80,,1,13
Т385,"Мереживні стрінги, три кольори, S, M, L. Код: Т385",1909,"червоний,зел,бел",54.5,,140,,"к.L, б.S, б.M, б.L",16
Т386,"Трусики бікіні,р. 44-48. Код: Т386",1902,"кра,бел,чер, пудра",74.34,,180,,"к.S, бел.L, бел.XL, пуд.S, пуд.М, пуд.М, пуд.L, пуд.L, пуд.XL",21
Т387,"Трусики бікіні, нар. 44-48. Код: Т387",1889,"чер,молоч,бор,червоний,білий, шампань",72.24,,180,,"ч.S, ч.L, бор.M, бор.L, кр.XL, бел.L, бел.XL, шам.M, шам.M, шам.L, шам.L, шам.XL",24
Т390,"Трусики сліпи бавовна, XL, 2XL, 3XL. Код: Т390",7680,різні,30,,80,,"1,1,1",15
Т391,"Репліка стрінги Calvin Klein бавовна: S, M. Код: Т391",660,чорний,60.36,,170,,S,13
Т394,"Трусики бікіні два кольори, S, M, L. Код: Т394",2003,червоний,60.5,,160,,к.М,13
Т395,Сексуальні трусики бразилії. Код: Т395,2019,"червоний,бордо",55.6,,140,,"б.L, б.L",14
Т397,Коттонові трусики сліпи. Код: Т397,202,різні,18,,50,,"1, 1",14
Т398,"Трусики, р.54, 56, 58 (2XL, 3XL, 4XL). Код: Т398",А648,різні,70.67,,160,,"кр.3XL, кр.4XL, син.4XL, ш.3XL, ш.4XL, беж.4XL, роз.4XL",19
Т399,"Трусики, нар. 52, 54, 56 (4XL, 5XL, 6XL). Код: Т399",3056,різні,59.21,,160,,"ч.5XL, ч.5XL, ч.6XL, з.4XL, з.5XL, з.6XL, син.4XL, син.5XL, син.6XL, беж.4XL, сер.4XL, сер.5XL, бор.4XL, бор.4XL, сир.4XL",27
Т401,"Трусики, нар. 44, 46, 48 (L, XL, 2XL). Код: Т401",5168,різні,42.78,,120,,"син.L, кр.XL, бор.L, мят.L, мят.XL, роз.L, сир.L, сир.XL",20
Т402,"Трусики, р.L, XL, 2XL. Код: Т402",6352,різні,38.2,,120,,"ч.L, роз.XL, бел.L, сир.L, сир.2XL",17
Т403,"Молочні трусики бікіні, S, M, L, XL. Код: Т403",2262,молочний,79.1,,180,,"м.M, м.L, м.L, м.XL",16
Т404,Трусики бікіні Annajolly шампань кольору. Код: Т404,60136,молочний,71.9,,180,,м.L,13
Т405,"Трусики бікіні Annajolly, три кольори. Код: Т405",73046,"червоний,мол,пудра",77,,180,,п.XL,13
Т406,Білі трусики бікіні Annajolly. Код: Т406,60561,білий,81.2,,180,,"б.M, б.L, б.XL, б.2XL",16
Т407,Червоні трусики бікіні Annajolly. Код: Т407,60811,червонийый,77,,180,,"к.M, к.M, к.L",15
Т408,Трусики бікіні Annajolly чорного кольору. Код: Т408,73160,чорний,81.6,,180,,"ч.M, ч.2XL",14
Т409,"Трусики бікіні 3XL, 4XL, 5XL, різні кольори. Код: Т409",9186,різні,76,,180,,"4XL, 4XL",14
Т410,"Трусики бікіні 46, 48, 50, різні кольори. Код: Т410",9081,різні,64,,180,,46,13
Т411,"Трусики бікіні S-M, L-XL, різні кольори. Код: Т411",80044,різні,49,,130,,L-XL фио,13
Т412,"Трусики мікрофібра M, L, XL, різні кольори. Код: Т412",80238,різні,45,,120,,"M, M, M, M, XL",17
Т413,"Трусики бавовна M, L, XL, різні кольори. Код: Т413",9144,різні,36,,120,,"L, L",14
Т414,"Чорні трусики мікрофібра, нар. M. Код: Т414",6174,чорний,64,,150,,M,13
Т415,"Трусики бавовна два кольори, нар. M. Код: Т415",6107,"молоч,черн",53,,120,,"м.M, м.M, м.M, ч.M",16
Т416,Чоловічі труси Calvin Klein люрекс гумка 3XL. Код: Т416,9011,різні,106.59,,220,,3XL,13
Т417,Чоловічі труси Calvin Klein чорна резинка 2XL. Код: Т417,9047,різні,104.5,,220,,"2XL, 2XL, 2XL, 2XL, 2XL, 2XL, 2XL, 2XL, 3XL, 3XL, 3XL, 3XL, 3XL, 3XL, 3XL",27
Т418,Чоловічі труси Tommy Hilfiger 3XL Код: Т418,9051,різні,106.59,,220,,3XL,13
Т419,"Чоловічі труси Kenzo L, XL, 2XL. Код: Т419",7008,різні,114.11,,220,,"L, L, L, L, XL, XL",18
Т421,"Мереживні трусики, M, L, XL. Код: Т421",Q8353,"чер,мол,беж,червоний",48.3,,120,,беж.XL,13
Т422,"Трусики із бавовни, S/M, L/XL. Код: Т422",1816а,"чер,бел,беж,роз",44.1,,100,,"1, 1",14
Т423,"Трусики в широкий рубчик, S, M, L. Код: Т423",4047,різні,25.5,,70,,"M, L",14
Т425,"Леопардові стрінги 2-х кольорів, L, XL. Код: Т425",8897с,леопард,56.7,,120,,"с-л.L, с-л.L, с-л.L, с-л.XL, т-л.L",17
Т426,"Чоловічі труси сімейні, L, XL, 2XL. Код: Т426",7651,різні,57.82,,120,,"L, L, XL, XL, 2XL, 2XL, 2XL, 2XL, 2XL, 2XL, 2XL, 2XL, 2XL, 2XL, 2XL",27
Т427,Чорні стрінги в сітці. Код: Т427,889а,чорний,52.5,,150,,"1, 1, 1, 1, 1, 1, 1, 1",20
Т428,"Стрінги 2XL, 3XL, 4XL. Код: Т428",803,різні,52.5,,180,,"1, 1, 1, 1, 1, 1, 1, 1, 1, 1, 1, 1, 1, 1, 1, 1, 1",29
Т429,"Трусики із високою посадкою 3XL, 4XL. Код: Т429",3932а,різні,52.5,,150,,"1, 1, 1, 1, 1, 1, 1, 1, 1",21
Т430,"Трусики стрінги 2XL, 3XL, 4XL. Код: Т430",8013а,різні,56.7,,150,,"мол, мол, мол, пуд, пуд, чер",18
Т431,"Червоні трусики з відкритим доступом, 46-48. Код: Т431",1000,червоний,98.7,,210,,1,13
Т432,"Напівпрозорі стрінги, р.42-46. Код: Т432",035а,різні,58.8,,150,,"1, 1",14
Т433,"Трусики з доступом, чорні та червоні, S-M. Код: Т433",1421,"черн,червоний",67.2,,200,,"чер, чер, кра, кра",16
Т434,"Червоні стрінги, M, L, XL, 2XL. Код: Т434",247,червоний,65.94,,180,,"L, L, XL, XL",16
Т435,"Трусики бікіні з бантиком, два кольори. Код: Т435",1927,"черн,червоний",82.94,,180,,"кр.M, ч.S, ч.S, ч.S, ч.M, ч.M, ч.M, ч.L, ч.XL, ч.XL, ч.M, ч.M, ч.L, ч.L, ч.XL, ч.M, ч.M, ч.L, ч.XL",31
Т436,"Білі трусики бікіні, S, M, L, XL. Код: Т436",2372,білий,80.78,,180,,"б.S, б.M, б.M, б.L",16
Т437,"Х/б боксерки подовжені, S, M, L, XL, 2XL. Код: Т437",Т802,чорний,82.7,,180,,"ч.S, ч.M, ч.L, ч.XL, ч.2XL",17
Т438,"Чоловічі чорні боксерки, S, M, L, XL. Код: Т438",Т801,чорний,76.1,,160,,"ч.S, ч.M, ч.XL, ч.2XL",16
Т439,"Х/б однотонні боксерки, 4XL, 5XL. Код: Т439",8866,різні,69.6,,150,,"4XL, 4XL, 4XL, 4XL, 4XL, 4XL, 5XL, 5XL, 5XL, 5XL, 5XL, 5XL",24
Т440,"Х/б боксери у смужку, 6XL. Код: Т440",8065,різні,67.4,,150,,"6XL, 6XL, 6XL, 6XL, 6XL",17
Т441,"Чоловічі труси боксери зі світлою гумкою, 4XL. Код: Т441",9082,різні,67.4,,150,,"4XL, 4XL, 4XL, 4XL",16
Т442,Трусики бразилії в 3-х кольорах. Код: Т442,2398,"червонийый, чорний, леопард, білий, бежевий, бел-беж",100,,195,,"кр.M, кр.M, кр.L, кр.L, кр.XL, кр.XL, ч.S, ч.M, ч.M, ч.L, ч.L, ч.XL, лео.S, лео.M, лео.M, лео.L, лео.L, лео.XL, бел.S, бел.M, бел.M, бел.L, бел.L, бел.XL, беж.S, беж.M, беж.M, беж.L, беж.L, беж.XL, б-б.S, б-б.M, б-б.M, б-б.L, б-б.L, б-б.XL",48
Т443,Трусики бразилії в 2-х кольорах. Код: Т443,2308,"червонийый, чорний",91,,190,,"кр.M, кр.L, кр.XL, ч.S, ч.M, ч.L",18
Т444,"Трусики стрінги S-M, L-XL у різних кольорах. Код: Т444",20425,"бордо, зел,черн,бел,сер,бирюз",43,,120,,"бор.S-M, бор.L-XL, з.S-M, з.L-XL, ч.S-M, ч.L-XL, бел.S-M, бел.L-XL, сер.S-M, сер.L-XL, бир.S-M, бир.L-XL",24
Т445,Трусики бразилії в 2-х кольорах. Код: Т445,2167,"червонийый, чорний",99,,190,,"к.S, к.L, ч.S, ч.M, ч.L, ч.L, ч.XL",19
Т446,Трусики сліпи у 2-х кольорах. Код: Т446,2399,"капучино, білий",90.27,,195,,"ка.M, ка.M, ка.L, ка.L, ка.XL, ка.XL, б.M, б.M, б.L, б.L, б.XL, б.XL",24
YT1,"Комплект Your Touch ""Madonna"" в чашці 80В, трусики-хіпстери M. Код: YT1",#MD-6000,чорно-синій,326,,850,,80В,1
А95,Модний комплект із пуш-ап чашкою B80. Код: А95,,бірюзовый,230,,300,,80B,1
С8,"Комплект без кісточки чашка В, три кольори. Код: С8",#6036,зелений,221.81,,550,,85В,1
С11,Литий комплект Victoria's Secret у чашках В та С. Код: С11,#8127-1,бузковий,245,,799,,75С,1
С17,Чорний ажурний комплект у чашці D. Код: С17,#7244,чорний,235.2,,680,,"95D, 100D",2
С24,"Комплект з пуш-апом, чашка С. Код: С24",#К8270,малиновий,78,,260,,"75C, 80C",2
С30,"Комплект білизни Weiyesi, чашка B. Код: С30",#9414В,малиновий мікс,60,,200,,"80B, 85B",2
С43,"Чорний сексуальний комплект, розміри S, L. Код: С43",#510,чорний,355,,699,,L,1
С48,Синій комплект чашка С. Код: С48,#2118,синій,200,,580,,75С,1
С50,Синій набір Calvin Klein чорна гумка. Код: С50,#660,синій,210,,620,,"M, L, L",3
С55,Набір репліка Victoria's Secret. Код: С55,#8030,"капучіно, червоний",361,,900,,"85В капучіно, 80В червоний",2
С55,Набір репліка Victoria's Secret. Код: С55,#8030,"жовтий, марсал",361,,900,,"75С жовтий, 85В марсал",2
С60,"Ошатний комплект у чашці C, різні кольори. Код: С60",#5967,чорний,133,,480,,75С,1
С63,"Гладкий комплект без кісточок, різні кольори. Код: С63",#2160,білий,211,,650,,85В,1
С77,"Комплект Victoria's Secret чашка В, два кольори. Код: С77",#325,червоний,385,,1250,,80В,1
С84,Комплект нижньої білизни чашка В. Код: С84,#5423,чорний,182,,480,,85В,1
С91,Малинова мережива комплект білизни. Код: С91,#1826,малиновый,227,,440,,"S(75), M(80), L(85)",3
С94,Комплект нижньої білизни Код: С94,#1819,марсал,158,,400,,"L(85), XL(90)",2
С96,Комплект нижньої білизни Код: С96,#1805,марсал,142,,380,,"M(80), L(85), XL(90)",3
С99,"Прозорий боді з пір'ям, два кольори. Код: С99",#CH1600,"чорний, червоний",187,,420,,"L(80) чорний, XL(85) червоний",2
С100,Комплект кольору бордо чашка С. Код: С100,#2091,бордо,158,,450,,85С,1
С102,Гладкий комплект Victoria's Secret чашка С. Код: С102,#8057,червоний,351,,1250,,75С,1
С115,Шкіряний пуш-ап комплект у чашці С. Код: С115,#8189,червоний,318,,850,,"75С, 80С",2
С116,Шкіряний пуш-ап комплект зі стрепами чашка В. Код: С116,#8186,червоний,241,,850,,"80В, 85В, 85В, 85В",4
С131,"Еротичний комплект кольору бордо, чашка В. Код: С131",#39013,бордо,564,,1550,,85B,1
С134,Комплект із вишивкою чашка С. Код: С134,#8455-5,рожевий,134,,450,,80С,1
С139,"Пуш-ап комплект чашка, колір хакі. Код: С139",#2180,оливковий,200.88,,550,,"75В, 80В",2
С141,"Комплект пушап чашка В, два кольори. Код: С141",#8134,чорно-бежевий,180,,540,,"80В, 80В, 85В, 85В, 85В",5
С144,"Набір великий пушап чашка, чорний. Код: С144",#774,чорний,160,,480,,"75В, 85В",2
С146,Набір з мереживними бретелями. Код: С146,#772,"сіро-синій, чорний",160,,480,,"85В сіро-синій, 85В чорний",2
С147,Бюстгалтери балконет у пуш-ап чашці С. Код: С147,#1626,червоний,160,,460,,"80С, 85С",2
С149,"Набір чашка С, два кольори. Код: С149",#7124,білий,130,,520,,"80С, 80С, 80С",3
С152,"Пуш-ап комплект з литим бюстом, два кольори. Код: С152","#8330, 8230","молочний, зелений",75,,430,,"75В молочний, 75В молочний, 80В молочний, 85В молочний, 85В молочний, 80В зелений, 85В зелений",7
С156,Комплект у чашці В. Код: С156,#8429,жовтий,165,,430,,75С,1
С158,Чорний комплект чашка В. Код: С158,#7004,чорний,160,,480,,80В,1
С169,Комплект білизни в пуш-ап чашці В. Код: С169,#739,пудра,118,,430,,85B,1
С175,Молочний комплект чашка С. Код: С175,#7128,молочний,180,,550,,75С,1
С177,Гарний чорний комплект чашка D. Код: С177,#8212,чорний,225,,580,,"80D, 85D, 90D, 95D, 95D",5
С179,Комплект зі стрінгами чашка В. Код: С179,#6037,зелений,234.36,,550,,85В,1
С181,Мереживний набір кольорів бордо. Код: С181,#1842,бордо,182.75,,450,,XL,1
С183,Білий комплект без кісточки чашка В. Код: С183,#8343,пудра,150,,520,,85B,1
С185,Мереживний комплект Кривий Ріг. Код: С185,#1845,бордо,150,,440,,XL,1
С189,Спокусливий комплект білизни. Код: С189,#1832-1,молочний,170,,460,,"L, XL",2
С190,Неймовірно гарний комплект пуш-ап чашка В. Код: С190,#8268,"чорний, червоний, синьо-рожевий",240,,630,,"85B чорний, 80B червоний, 75B синьо-рожевий, 75B синьо-рожевий",4
С190,Неймовірно гарний комплект пуш-ап чашка В. Код: С190,#8268,"чорно-бежевий, молочний, пудра",240,,630,,"85B чорно-бежевий, 80B молочний, 85B молочний, 75B пудра, 80B пудра, 85B пудра",6
С198,"Комплект у рубчик зі знімним поролоном, на чашку С. Код: С198",#8841,пудра,149.1,,400,,пудра,1
С199,Гарний комплект чашки 80B. Код: С199,#8429,жовтий,170,,465,,80B,1
С203,Білий комплект чашка С. Код: С203,#8135,чорно-бежевий,180,,550,,75C,1
С205,Набір коттон трійка Victoria's Secret. Код: С205,,червоний,175,,580,,S,1
С209,Ошатний комплект в чашці D. Код: С209,#6026,оливковий,249,,630,,80D,1
С212,Комплект з литою чашечкою та коректором. Код: С212,#1970,чорний,190,,540,,"80B, 80B, 85B, 85B",4
С216,Комплект без кісточки з пуш-ап. Код: С216,#8514,карамель,126,,450,,85В карамель,1
С221,"Комплект у рубчик з мереживом, М, L, XL. Код: С221",#Ф098,пудра,117,,390,,L,1
С222,"Сексуальний набір трійка, два кольори. Код: С222",#22/54,різні кольори,215,,699,,"рожевий, M чорний, S червоний, M червоний",4
С223,Комплект з бюстьє-балконет корсетного типу. Код: С223,#1874В,сіро-синій,175,,470,,80В сіро-синій,1
С228,"Комплект пуш-ап чашка, різні кольори. Код: С228",#751,пудра,150,,445,,85В,1
С236,Комплект з коректором чашка С. Код: С236,#952,чорно-бежевий,117,,450,,75С,1
С246,Білий комплект: бралетт та трусики. Код: С246,#8075,білий,142,,490,,XL,1
С257,Супер сексуальний мереживний набір. Код: С257,"#9359,22/26",молочний,275,,890,,"молочний, молочний, молочний",3
С261,"Комплект тонкий пуш, чашка С. Код: С261",#5847,чорний,134,,520,,"75С, 80С, 85С",3
С263,Комплект гель пуш-ап чашка В. Код: С263,#1010,чорний,172,,485,,85B,1
С265,"Комплект без кісточки, чашка B. Код: С265",#2047,"коричневий, червоний",131,,445,,"75B коричневий, 85B коричневий, 85B червоний",3
С266,Жіночий комплект чашка С. Код: С266,#809,"червоний, пудра",181,,560,,"80С червоний, 80С пудра",2
С273,"Комплект у рубчик у 2-х кольорах, розміри M та L. Код: С273",#K217,сірий,105,,390,,L сірий,1
С292,Комплект білизни в чашці Е. Код: С292,#18002,бежевий,231,,600,,"100E, 105E",2
С303,"Чорний комплект на пушапі, чашка В. Код: С303",#9824,чорний,200,,560,,85В,1
С303,"Молочний комплект на пушапі, чашка В. Код: С303",#9823,молочний,233.64,,560,,80В,1
С305,"Комплект пушап чашка В, два кольори. Код: С305",#CNH8003FLB,"молочний, чорно-бежевий",348.35,,720,,"80В молочний, 85В молочний, 85В чорно-бежевий",3
С308,"Шикарний комплект з поясом для панчіх, S, M, L. Код: С308",#2045,чорний,208,,670,,L,1
С316,"Еротичний комплект трійки, M, L, XL. Код: С316",#1116,чорно-білий,460,,980,,"L, L",2
С320,Чорно-бежевий комплект чашка С. Код: С320,#6025,чорно-бежевий,224,,520,,"75С, 80С",2
С324,Еротичний комплект-трійка. Код: С324,#CNM622FL,червоний,325.21,,880,,L,1
С326,Сексуальний набір білизни в сітці. Код: С326,#CNM619FL,чорний,342.87,,980,,L,1
С353,Бежево-чорний еротичний набір білизни. Код: С353,#К3401,"чорно-бежевий, червоно-бежевий",331.5,,980,,"L чорно-бежевий, M червоно-бежевий",2
С356,"Чорний сексуальний комплект білизни, S, L. Код: С356",#CNM605FL,чорний,296,,700,,S,1
С360,червонийивий комплект в чашку кольору пудри. Код: С360,#11002,пудра,184.51,,540,,75B,1
С362,"Еротичний комплект білизни M, L, XL. Код: С362",#К3355,"чорний, червоний",300.3,,880,,"XL чорний, XL червоний",2
С363,"Еротичний боді, M, L, XL. Код: С363",#К3244,чорний з помаранчевим,308,,880,,XL,1
С364,"Чорний еротичний комплект M, L, XL. Код: С364",#К3303,"чорний, рожевий, бордо",320,,880,,"XL чорний, XL рожевий, XL бордо",3
С368,"Молодіжний комплект пушап чашка В, два кольори. Код: С368",#320,"фуксія, червоний",255.8,,640,,"75В фуксія, 85В фуксія, 75В червоний, 80В червоний, 85В червоний",5
С378,"Комплект, з трусиками бразилії в 2х кольорах. Код: С378",#CNK9909FL,"чорний, червоний",373.99,,820,,"M чорний, S червоний, M червоний, L червоний",4
С381,Білий комплект-спейсер у чашці D. Код: С381,"#8175, 8175-1",синій,271.19,,700,,75D,1
С383,Комплект у рубчик із вшитим поролоном на чашку A-B. Код: С383,#BSB0-720DN,пудра,138,,400,,"M, M",2
С384,Три кольори. Комплект у чашці С. Код: С384,#2343,"чорний, чорно-бежевий, бежевий",224,,600,,"80С чорний, 85С чорний, 75С чорно-бежевий, 80С чорно-бежевий, 85С чорно-бежевий, 90С чорно-бежевий, 75С бежевий, 80С бежевий, 80С бежевий, 85С бежевий",10
С386,Чорно-бежевий комплект без кісточок у чашці В. Код: С386,#494,чорно-бежевий,168.66,,450,,75В,1
С392,Ажурний білий комплект чашка Д. Код: С392,#8107,білий,225.99,,580,,100D (брак),1
С393,"Сексуальний комплект кольору фукція, M. Код: С393",#CNY111-0FL,фуксія,304.5,,880,,M,1
С397,"червонийивий червоний набір, 75B, 75С. Код: С397",#001,червоний,328,,720,,75C,1
С398,"Ошатний комплект в 2х кольорах, 75D, 85D. Код: С398",#5302,червоний,304,,650,,"75C, 75D, 85D",3
С399,"Набір чашка В, два кольори. Код: С399",#6833,"чорно-бежевий, молочний",205,,530,,"80B чорно-бежевий, 80B молочний",2
С400,"Набір чашки С, чорного кольору. Код: С400",#6828,чорний,186.19,,580,,"75C, 80C, 80C, 80C, 85C",5
С402,"Червоний еротичний комплект, S, M, L. Код: С402",,червоний,480,,980,,M,1
С406,Чорний комплект чашка без поролону. Код: С406,#2372,чорний,212,,630,,"75B, 80B",2
С410,"Стильний комплект у рубчик, р.48 на чашку С. Код: С410",#806,різні,142.8,,400,,оливковий,1
С417,"Еротичний комплект із прозорої сітки, S, M. Код: С417",#Z3341,чорний,264.6,,700,,"S, M, M",3
С421,"Чарівний комплект на чашку D, два кольори. Код: С421",#2359,"синій, білий",223.45,,600,,"80D синій, 85D синій, 90D синій, 90D синій, 100D синій, 95D білий, 100D білий",7
С422,Комплект у рубчик з незнімним поролоном. Код: С422,#8859,різні,114.66,,400,,"білий, пудра",2
С423,Топ-комплект у мікрорубчик зі знімним поролоном. Код: С423,#3335,білий,138.6,,400,,білий,1
С425,"Комплект без поролону на чашку С, у 2-х кольорах. Код: С425",#388,бордо,293,,720,,"80С бордо, 90С бордо",2
С426,"Пушап комплект на чашку, в 2-х кольорах. Код: С426",#7388,"білий, чорний",207.84,,540,,"80B білий, 85B білий, 85B чорний",3
С428,"Комплект без поролону на чашку D, в 3-х кольорах. Код: С428",#106,"червоний, білий, чорний",203.51,,620,,"85D червоний, 90D червоний, 80D білий, 85D білий, 90D білий, 80D чорний, 85D чорний, 90D чорний",8
С429,"Еротичний комплект білизни в сіточку, S, L. Код: С429",#942,чорний,326.25,,750,,L чорний,1
С430,Розкішний еротичний комплект у 2х кольорах. Код: С430,#580,"чорний, червоний",422.82,,980,,"M чорний, M червоний",2
КУ20,Пляжні плавки з невеликим драпірування ззаду. Код: КУ20,#3102,чорний,111,,250,,40,1
КУ21,"Пляжні трусики чайки чорні, нар. 36, 38, 40, 42, 44. Код: КУ21",#555,чорний,98,,250,,"36, 38, 42, 44",4
КУ23,"Купальник ""Загадкова міс"", червоний, S-XL. Код: КУ23",#208,червоний,215,,650,,"S, M",2
КУ24,"Чорні пляжні трусики американки, 36, 38, 40, 42, 44. Код: КУ24",#13-172,чорний,84,,250,,44,1
КУ25,"Купальник з коректором ""Манго-мікс"", М, XL. Код: КУ25",#9717,рожевий,145,,550,,M,1
КУ27,"Купальник роздільний з пушап, два кольори. Код: КУ27",#13-142,салатовий,350,,820,,"38, 42",2
КУ28,"Купальник з коректором ""Квіточки"", S, М, XL. Код: КУ28",#322,мікс кольорів,135,,440,,"S, M",2
КУ29,Жовто-синій купальник з push-up. Код: КУ29,#9908,жовто-синій,160,,480,,38(XL),1
КУ35,"Помаранчевий молодіжний купальник, р.36, 38, 40, 42. Код: КУ35",#13-70,помаранчевий,266,,840,,36,1
КУ42,"Чоловічі пляжні боксери, нар. 48, 50, 52, 54, 56. Код: КУ42",#14-149,мікс синіх кольорів,98,,320,,M-L,1
КУ43,"Помаранчевий жіночий купальник, 36, 38, 40, 42, 44. Код: КУ43",#22710,помаранчевий,224,,700,,"36(S), 38(M), 42(XL), 44(2XL)",4
КУ44,Жіночі пляжні трусики чайки. Код: КУ44,#590,чорний,68,,250,,"38, 40, 42, 44, 46",5
КУ47,"Купальник у стилі Victoria's Secret, нар. 38, 40, 42, 44, 46. Код: КУ47",#68503,чорно-рожевий,160,,550,,38,1
КУ54,Жіночі пляжні стрінги на зав'язках. Код: КУ54,#101,чорний,63,,250,,"40, 40, 42, 44, 46",5
КУ58,Суцільний молодіжний купальник. Код: КУ58,#2001,чорний з малюнком,250,,850,,L,1
КУ61,Стильний купальник чорний з топом. Код: КУ61,#13-66,чорний,247,,750,,42,1
КУ62,"Модний молодіжний купальник, два кольори. Код: КУ62",#14-04,жовтий,196,,700,,42,1
КУ63,"Червоний купальник, нар. 42, 44. Код: КУ63",#161-6,червоний,194,,680,,44,1
КУ67,Модний купальник із топом. Код: КУ67,#13-53,персиковий,247,,750,,"38, 40, 42",3
КУ69,Сексуальний купальник S/M. Код: КУ69,#ДМ008,"зелений, червоний",104,,395,,"S/M зелений, S/M червоний",2
КУ70,Молодіжний купальник S/M Код: КУ70,#ДМ058,"жовтий, блакитний",112,,295,,"S/M жовтий, S/M блакитний",2
КУ72,Червоний бюстик купальника з пуш-ап чашкою 70В. Код: КУ72,#Elif,червоний,240,,650,,70В,1
КУ74,Модний пуш-ап купальник зі стразами. Код: КУ74,#SGC518KRW,помаранчевий,383,,950,,42В,1
КУ75,"Купальник з топом, яскраві бірюзові жниварки. Код: КУ75",#86224,бірюзовий,300,,700,,36,1
КУ76,Яскравий купальник з топкою жниварка. Код: КУ76,#212,червоний,300,,700,,"S, L, XL",3
КУ78,Синій купальник із стразами LOVE ME. Код: КУ78,#22508,синій,318,,700,,40,1
КУ80,"Модні купапальники, три кольори. Код: КУ80",#19011,"коричневий, малиновий, леопард",193.2,,450,,"S коричневий, S леопардовий, L малиновий",3
КУ81,Чорний молодіжний купальник. Код: КУ81,#13-77,чорний,287,,780,,46,1
Д28,Халат для дому. Код: Д28,#047 чорний софт,червоний,215,,540,,червоний,1
Д60,"Костюм тринитка Barbie, S, M. Код: Д60",#8888,"чорний, малиновий",765,,1380,,"S чорний, M малиновий",2
Д61,Шикарна велюрова піжама VS. Код: Д61,"#9102, 1998",червоний,1100,,1720,,M,1
Д70,"Піжама Gucci кольору бордо, S, M. Код: Д70","#1101, 5358",бордо,1100,,1720,,S,1
Д71,Стильна персикова накидка для дому. Код: Д71,#648,персиковий,213,,390,,free,1
Д81,"Бузковий комплект: футболка та шорти, XL, 2XL, 3XL. Код: Д81",#309 (312),"зелений, синій",292.5,,660,,"2XL зелений, 3XL синій",2
Д81,"Темно-синій комплект: футболка та шорти, S, M, L. Код: Д81",#308 (311),бузковий,273.2,,600,,M бузковий,1
Д86,"Комплект для дому з 4-х одиниць, S, M, L. Код: Д86",#608,бордо,419,,1450,,бордо.S,1
Д90,"Синя чоловіча махрова піжама, р.56. Код: Д90",#1399,синій,613.8,,1200,,56,1
Д92,"Жіночий комплект: халат з піжамою, р.42. Код: Д92",#1604,сіро-рожевий,172.05,,420,,42,1
Д93,"Чорний чоловічий махровий костюм із капюшоном, р.52. Код: Д93",#1881,чорний,660.3,,1200,,52,1
Д96,"Жіноча коричнева махрова піжама, р.42, 54 (маломерит). Код: Д96",#2103,коричневий,423,,880,,"42, 54",2
Д97,"Жіночий чорний махровий костюм на блискавці, р.46. Код: Д97",#2118,чорний,678.9,,1300,,46,1
Д98,"Жіноча махрова піжамка ""Леон"" р. 42, 54. Код: Д98",#2087,чорно-леопардовий,530,,1100,,54,1
Д99,"Махрова піжама з коміром коричнева, р.44, 52. Код: Д99",#2165,коричневий,550,,1100,,"44, 52",2
Д99,"Махрова піжама з коміром сірого кольору, р.48, 60. Код: Д99",#2165,сірий,642,,1150,,"48, 60",2
Д99,"Махрова піжама з коміром кольору фуксія, р.44. Код: Д99",#2165,фуксія,465,,970,,44-46,1
Д100,"Жіноча махрова піжама з манжетами ""Сніговий барс"", р. 42, 46, 50. Код: Д100",#2087,біло-сірий,558,,1100,,42,1
Д113,"Жіночий короткий махровий халат ""Шиншилла"", р.42. Код: Д113",#482,біло-сірий,483.6,,980,,42,1
Д117,"Стильна махрова піжама для дому, р.S. Код: Д117",#810,жовтий,390,,780,,S,1
Д120,"Чорна піжамка з віскози, р.м. Код: Д120",#904,чорний,250,,520,,M,1
Д125,"Трикотажна піжама з кофти та штанів, р.S. Код: Д125",#590,синя в червоне сердце,370,,740,,S,1
Д127,"Велюровий комплект пудра, р.М, L, XL. Код: Д127",#291,пудра,330,,630,,XL,1
K119,Пушап велосипеда в рубчик. Код: К119,#0412,пудра,150,,320,,"пудра, пудра, пудра",3
K120,Чорний пушап лосини в широкий рубчик. Код: К120,#0925,чорний,230,,420,,1,1
K122,Чорний лосин пушап рубчик. Код: К122,#7112,чорний,195,,420,,"M-L, M-L, M-L, XL-2XL",4
Д23,Дитячий комплект термобілизни Columbia. Код: Д23,,чорний,310,,800,,"128, 134, 146, 152, 158, 164",6
Д23,Комплект термобілизни Columbia. Код: Д23,,чорний,330,,900,,"S, M",2
Д23,Комплект термобілизни Columbia. Код: Д23,,чорний,330,,900,,"L, XL, 2XL",3
Д23,Чоловічий комплект термобілизни Columbia. Код: Д23,,чорний,330,,900,,"S, M",2
Д23,Чоловічий комплект термобілизни Columbia. Код: Д23,,чорний,350,,900,,"L, XL, 2XL",3
Д23,Комплект зимової термобілизни Columbia батал. Код: Д23,,чорний,380,,900,,"3XL, 4XL, 5XL, 6XL",4
Д50,"Жіноча термобілизна Smartov, розмір S. Код: Д50",,чорний,300,,850,,S,1
Д77,Чоловічий комплект термобілізні з додаванням зовні. Код: Д77,#Ч784_темно-сірий,темно-сірий,324.9,,750,,"L(46), XL(48), 2XL(50), 3XL(52)",4
Д78,Чоловічий комплект термобілізні на мікрофлісі. Код: Д78,#Ч794_світло-сірий,світло-сірий,312,,750,,2XL(50),1
Д79,Жіночий комплект термобілизни з додаванням зовні. Код: Д79,#Ж794_рожевий,"бузковий, рожевий",291.7,,750,,"L(46) бузковий, M(44) рожевий",2
Д80,Жіночий комплект термобілізни на мікрофлісі. Код: Д80,#Ж784_фіолетовий,бузковий,276,,750,,"2XL(50) але штани L, бузковий",1
Д129,"Термобелье тактична Black, розмір XL. Код: Д129",#JA-09-3 Black,чорно-сірий,474.05,,1100,,XL,1
Д129,"Термобілизна тактична олива, розмір L. Код: Д129",#JA-09-3 Green,оливковий,474.05,,1100,,L,1
Д130,"Термобілизна чоловіча зимова, 2XL, 3XL. Код: Д130",#JA-09 Green,оливковий,379.05,,900,,"2XL, 3XL",2
Д131,"Термобілизна чоловіча камуфляж, L, XL. Код: Д131",,камуфляж,370,,900,,"L, XL",2
Н4,"Шкарпетки чоловічі Житомир сітка Класик, розмір 29-31",---,бежевий,6,,15,,1,3
Н8,Шкарпетки підліток BFL 32-35 розмір BFL B253,#08939,чорний,8,,15,,"1, 1",4
Н10,Шкарпетки жіночі ІРА бамбук в смужку 36-41р.,---,в полоску,7,,15,,1,3
Н11,Шкарпетки жіночі Pesail 37-42 р.,---,белые,7.82,,20,,"1, 1, 1, 1, 1, 1, 1, 1, 1",11
Н12,Шкарпетки підліткові,---,різні кольори,6,,15,,"1, 1, 1, 1",6
Н15,"Шкарпетки вовняні з махрою ""Ангора"" 34-38р.",#Adpec D 103 Z,різні кольори,8,,17,,"1, 1, 1, 1, 1, 1, 1, 1",10
Н16,"Шкарпетки дитячі з ангори з махрою, р.16-20см",#Honest 001 Z,різні кольори,9,,17,,"1, 1, 1, 1, 1",7
Н17,"Шкарпетки дитячі махрові, р.17-22 см",#Jujube Y 108A S,різні кольори,11,,20,,1,3
Н18,"Шкарпетки лайкра Elizabeth 30DEN, Чорний (2 пари в упаковці, ціна за пару)",#NL30D,чорний,4,,8,,1,3
Н20,"Капронові шкарпетки з візерунком, нар. 38-42 (2 пари в упаковці, ціна за пару)",#NK801,чёрн / беж,3.4,,7,,"ч, ч",4
Н21,"Капронові шкарпетки Soli 20DEN без лайкри, ущільнений шкарпетка та м'яка гумка",#N30,бежевий,2.6,,6.5,,"1, 1",4
Н22,Гольфи Elizabeth 30DEN лайкра,#GL30D,бежевий,5.1,,12,,"1, 1, 1",5
Н26,"Дитячі зимові махрові шкарпетки, модні, для дівчаток",#834 А,різні кольори,10.5,,23,,"1, 1, 1, 1, 1, 1, 1, 1, 1",11
Н27,"Дитячі махрові шкарпетки ""Котики"" з 3 до 6 років, р.32-37",#Д 55,різні кольори,10,,23,,1,3
Н28,"Махрові жіночі шкарпетки на зиму ""Бантики"", ""Олені""",#80977,різні кольори,11,,25,,"1, 1, 1, 1, 1, 1",8
Н29,"Шкарпетки короткі стрейчові, спортивні шкарпетки, р.27-29",#Т 021,різні кольори,7,,17,,1,3
Н30,"Шикарні жіночі гольфи, розмір 35/40",---,різні кольори,5.81,,17,,"1, 1, 1, 1",6
Н31,Якісні гольфи на дівчинку 5-7 років,---,різні кольори,5.81,,17,,"1, 1, 1, 1",6
Н32,Яскраві жіночі шкарпетки в смужку (бамбук) розмір 37-42,---,різні кольори,7.13,,17,,1,3
Н34,"Махрові шкарпетки жіночі шкарпетки ""Bony""",#листочки,різні кольори,10.8,,25,,"1, 1, 1, 1",6
Н36,"Шкарпетки чоловічі ""Шкарпетки з чорними"" класика бавовна",#015н,чорний,6,,17,,1,3
Н37,"Жіночі трикотажні шкарпетки ""Мода Women"", р.36-42",#полоска,різні кольори,5.8,,17,,1,3
Н38,"Махрові жіночі шкарпетки ""Олені-ялинки"", р.36-40",,різні кольори,11,,25,,"1, 1, 1, 1, 1, 1",8
Н39,"Короткі жіночі шкарпетки, р.36-42, різнокольорові",#016ж,різні кольори,5.5,,17,,1,3
Н40,"Махрові дитячі шкарпетки ""Мішутка"", р.16-22, 22-28, 28-34, різнокольорові",---,різні кольори,10.8,,23,,"1, 1, 1, 1, 1, 1, 1, 1",10
Н41,"Жіночі шкарпетки ""Наталі"", р.37-42, різнокольоровий",---,різні кольори,5.8,,18,,"1, 1, 1, 1, 1, 1, 1, 1, 1, 1, 1, 1, 1, 1, 1, 1, 1, 1, 1, 1, 1, 1, 1, 1, 1",27
Н42,"Білі чоловічі шкарпетки ""Укорочені"" р.27, р.29",---,білий,7.5,,20,,"27, 27, 27, 29, 29",7
Н43,"Бежеві чоловічі шкарпетки гладкі ""Класик"" р.29",---,бежевий,7.5,,20,,"29, 29, 29, 29",6
Н44,"Темно-сірі чоловічі шкарпетки ""Класик"" р.27",---,темно-серый,7.5,,20,,"27, 27, 27",5
Н45,"Світло-сірі чоловічі шкарпетки ""Класик"" р.29",---,серый,7.5,,20,,"29, 29, 29",5
Н46,"Чорні чоловічі шкарпетки гладкі ""Класик"" р.25, 27, 29, 31",---,чорний,7.5,,20,,"25, 25, 27, 29, 31, 31, 31, 31",10
Н47,"Чорні чоловічі махрові шкарпетки ""Класик"" р.25, 27, 29, 31",---,чорний,11.7,,25,,"25, 25, 25, 25, 27, 29, 29, 29, 31, 31",12
Н48,"Чорні чоловічі махрові шкарпетки ""Елегант"" р.27, 31",---,чорний,11.7,,25,,"27, 27, 27, 27, 31, 31, 31",9
Н49,"Чорні чоловічі шкарпетки сітка ""Класик"" р.25, 27, 29",---,чорний,6.5,,20,,"25, 25, 25, 25, 27, 27, 27",9
Н50,"Сірі чоловічі шкарпетки сітка ""Класик"" р.27",---,серый,6.5,,20,,"27, 27",4
Н51,"Чорні чоловічі шкарпетки ""Спорт"" р.25, 29, 31",---,чорний,7.5,,20,,"25, 25, 25",5
Н52,"Шкарпетки ""Трекінгові"" р.25, 29",---,один цвет,35,,58,,"25, 25, 25, 29",6
Н53,"Чорні жіночі шкарпетки укорочені ""Класик"", р.23-25",---,чорний,7.5,,20,,"23-25, 23-25, 23-25",5
Н54,"Шкарпетки жіночі серії ""Панда"", р.23-25",---,різні кольори,7.5,,20,,23-25,3
K6,"Колготки дитячі Конте-Кідз: Class, Bravo, Tip-Top. . Код: К6",---,разноцвет,53.1,,85,,"80-86 гол., 104-110 бел., 116-122 роз.леггинсы",5
K7,Дитячі колготки Gatta Happy School,---,чорний в звездочку,,,85,,116-122,3
K8,"Колготки Elizabeth 100DEN MICROFIBRE, Чорний, р.2, 3, 4, 5",#EL100MF,чорний,28.2,,50,,"ч, ч",5
K11,Колготки 20 den бікіні 004EL,#05883,чорний,16.3,,29,,4,3
K17,"Колготки Elizabeth 40 den BIKINI CHARM, Чорний, р.2, 3, 4",#EL40BC,чорний,16.6,,35,,4,3
K18,Колготки жіночі теплі 1600 den 2022KOL (прибл. 2-3 розмір),#09680,чорний,20,,100,,"1, 1",4
K19,"Колготки дитячі ""Ластівка"". Код: К19",#Nailali T2-1 92-98,різні кольори,33.4,,65,,"92-98 желт., 92-98 роз.",4
K20,"Лосини дитячі теплі, вік 3-7 років",#395,чорний в цвет.полоску,15,,30,,"1, 1, 1, 1, 1",7
K24,"Колготки жіночі Gabriella Julia 366 (20 den) темно-сірі, бежеві, р.4",---,,24,,90,,"4, 4",4
K26,"Колготки жіночі Gabriella Reni 286, чорні, нар. 1/2",---,,32,,90,,,3
K27,"Колготки жіночі Gabriella Puntina TRE (20 den) темно-сірі, нар. 2",---,,24,,90,,2,3
K29,"Колготки жіночі Gabriella Miss 105 (20 den) білі, нар. 2, 3, 4",---,,16,,90,,2,3
K31,"Колготки жіночі Gatta Gabby №6 (20 den) чорні, нар. 3",---,,28,,90,,3,3
K35,"Колготки жіночі Gabriella Bacara 477 (20 den), чорні, нар. 2, 3, 4",---,,22,,90,,4,3
K36,"Колготки жіночі Gatta Nadette №1 (20 den), чорні, нар. 2, 3, 4",---,,28,,90,,"2,3,4",5
K39,"Колготки жіночі Conte Verticale, чорні, нар. 4",---,,48.47,,150,,4,3
K41,"Дитячі колготки Gatta Alice, білі, нар. 116-126 (A)",---,,24,,85,,116-122,3
K42,"Дитячі штани Mona Nikola leggins, рожеві",---,,24,,70,,128-134,3
K44,"Колготки дитячі Gabriella Melange 751, колір графіт, р.110-122",---,,20.4,,85,,110-122 серый,3
K47,"Гольфи жіночі Gatta, чорні, сірі",---,,20,,45,,"1, 2, 3",5
K48,"Дитячі колготки Bravo, нар. 116-122, 150-152",---,,62.4,,95,,"150-152, 150-152",4
K50,"Легінси дитячі Viva з декором, р.116-122, 128-134",---,,36.48,,80,,116-122,3
K51,"Дитячі легінси Gatta, р.92-98, 128-134, 140-146, 152-158",---,,16.58,,40,,"92-98 фиол., 128-134 роз., 152-158 сирен.",5
K52,"Колготки Elizabeth 40DEN Classic, Чорний, р.4, 5, 6",#EL40CL,чорний,14.6,,35,,"4, 5",4
K53,"Колготки Elizabeth 40DEN Classic, Бежевий, р.4, 5, 6",#EL40CL,бежевий,14.6,,35,,"4, 4, 6",5
K54,"Колготки Elizabeth 40DEN T-BAND, Чорний, р.5",#EL40TB,чорний,15.6,,35,,5,3
K55,"Колготки Elizabeth 40DEN T-BAND, Бежевий, р.2, 3, 4, 5",#EL40TB,бежевий,15.6,,35,,"2, 4, 4, 5, 5, 5",8
K56,"Колготки Elizabeth 40DEN BIKINI CHARM, Бежевий, нар. 2, 3, 4",#EL40BC,бежевий,16.6,,35,,"3, 3, 4, 4, 4",7
K57,"Колготки Elizabeth 40DEN HIPSTER WAIST, Бежевий, р.2, 3, 4",#EL40HW,бежевий,16.6,,35,,"2, 2, 3, 4",6
K58,"Колготки Руслана 30DEN, Чорний, 52-56 розмір",#K305,чорний,10.4,,23,,"5, 5",4
K60,"Колготки Elizabeth 80DEN MICROFIBRE, Бежевий, р.4, 5",#EL80MF,бежевий,26.5,,48,,"5, 5, 5",5
K61,Гамаші під джинс на хутрі р.46-50,#A428,джинс,85.8,,190,,1,3
K64,Модні джегінси р.46-54,#A421,джинс,61.9,,170,,"1, 1, 1",5
K65,"Гамаші під джинс ""Махра зі стразами"" р.48-52",#A431-1,джинс,92.8,,200,,"1, 1",4
K66,"Круті гамаші під джинс ""Махра"" р.46-50",#A431,джинс,92.8,,200,,1,3
K67,"Жіночі гамаші під джинс ""Махра""",#A424,джинс,82.2,,190,,1,3
K71,"Колготки Elizabeth Prestige 40 den Classic, Капучіно, нар. 3, 4, 5",#00316,капучино,26.9,,50,,5,3
K72,"Колготки Elizabeth Prestige 40 den Classic, Бежевий, р.4",#00316,бежевий,26.9,,50,,4,3
K75,Джегінси з кишенями. Код: К75.,#SL30964,"синий, чорний",175,,370,,"с.M/L, ч.S/M, ч.M/L, ч.M/L",6
K78,"Штани жіночі з кишенями. Код: К78. Склад: 85% бамбук, 15% поліамід",#NA467-3,"синий, чорний",119.9,,230,,S/M ч,3
K79,Безшовні джегінси великих розмірів 50-58,#LG1947,джинс,77.8,,180,,"1, 1",4
K80,"Джеггінси зі стразами, р.46-52. Код: К80. Склад: 55% бавовна, 40% поліестер, 5% спандекс",#LG26,джинс,62,,180,,"1, 1, 1",5
K81,"Безшовні джегінси в горошок з простроченням, р.46-52. Код: К81",#LG1960,"джинс, синие расцветки",83.5,,190,,син,3
K82,"Безшовні лосини під джинс із рядком, р.44-50. Код: К82",#LG909,"синий, чорний",63.7,,190,,"син, син, черн, черн",6
K83,"Безшовні однотонні лосини, широкий пояс, р.46-52. Код: К83",#LG726,"синий, чорний",58.8,,170,,"син, син",4
K84,"Жіночі джинси 98% бавовна, розміри: 40-48",#G302-61159,чорний,68.2,,170,,"36, 38",4
K85,"Жіночі панчохи ""Für DICH"" (15 den), нар. 1/2, 3/4. Код: К85",---,"чорний, бежевий",53,,110,,"беж.1/2, беж.3/4, беж.3/4",5
K86,"Упаковка (2 пари) шовковистих шкарпеток з лайкрою ""Інтуїція"" (15 den)",---,бежевий,19.2,,40,,1 упак.,3
K89,Колготки Innamore Cotton 150 den Nero. Код: K89,---,чорний,138,,220,,6,3
K92,Колготки Інтуїція 100 den Nero. Код: K92,---,чорний,92.25,,190,,3,3
K93,"Бежеві шкарпетки мікрофібра 40 den, 2 пари в коробочці",---,бежевий,35.1,,65,,"1, 1, 1, 1, 1, 1",8
K94,"Бежеві шкарпетки ""Браво"" , 2 пари в коробочці",---,бежевий,15.57,,35,,"1, 1, 1, 1, 1, 1, 1, 1",10
K95,"Чорні шкарпетки 15 den , 2 пари в коробочці",---,чорний,20.34,,40,,"1, 1, 1, 1, 1",7
K96,Безшовні теплі лосини з широким поясом. Код: К96,#В826,чорний,63,,150,,"1, 1",4
K99,Жіночі джинси однотонні. Код: К99,#SL3001-2,"чорний, синий",125,,330,,"с.M/L, ч.M/L, с.L/XL, с.XL/2XL",6
K100,Дитячі колготки махрові. Код: К100,---,різні,35.5,,80,,"92-98, 92-98, 104-110, 104-110, 104-110, 116-128, 134-140",9
YT37,"Червоний бюстгальтер triangle ""Base""",#BS-4000,червоний,178,м'яка,400,,70С червоний,1
Б4,Ажурний бюст Diorella у чашці В. Код: Б4,#32116,чорно-білий,56,На тонком,90,,70В чорно-білий,2
Б9,Білий бюстгальтер Diorella у чашці С. Код: Б9,#63091,білий,25,На тонком,180,,80С білий,1
Б17,Бюстгальтер Diorella у чашці 75D. Код: Б17,#33695,чорно-білий,115,На тонком,240,,75D чорно-білий,9
Б18,Бюстгальтер Diorella у чашці F. Код: Б18,#62324,бежевий,123,На тонком,250,,110F бежевий,4
Б22,Бавовняний бюстгальтер Angela у чашці D75,#740,"бежевий, білий",54,м'яка,400,,"75D бежевий, 75D білий",8
Б28,"Бюстгальтер Diorella у чашці DD, білий",#7794,білий,70,м'яка,210,,85DD білий,5
Б32,Бюстик фіолетовий без кісточки. Код: Б32,#3320,фіолетовий,39.5,На тонком,200,,"75А фіолетовий, 80А фіолетовий",1
Б34,Бюстгальтер,#63276E,мікс кольорів,110,На тонком,240,,75E,1
Б40,Чорний корсетний бюстгальтер чашка С. Код: Б40,#12762,чорний,67,На тонком,350,,75С чорний,2
Б44,Бюстгальтер в чашку D кольору шоколаду. Код: Б44,#1267,коричневий,187.35,м'яка,420,,85D коричневий,2
Б51,Чорний бюстгальтер спейсер у чашці D. Код: Б51,#8285,чорний,202.08,м'яка,450,,80D чорний,3
Б52,Ошатний бюст пушап чашка В. Код: Б52,#830,мікс кольорів,105,Пуш-ап,280,,85В,9
Б54,Бюстгальтер,#34256,чорно-білий,93,На тонком,200,,75С чорно-білий,1
Б58,Бюстгальтер,#31805,чорний,30,На тонком,180,,"70С чорний, 80С чорний",6
Б59,Бретельки з камінням,#2026,чорний,8.9,,25,,чорні,1
Б67,"Бюстгальтер з push-up, чашка B, рожевий",#29346,рожевий,50,Пуш-ап,90,,"75В рожевий, 90В рожевий",4
Б68,Бежевий гладкий бюстик із 3D чашками. Код: Б68,#377,бежевий,125.1,м'яка,300,,80В/С бежевий,4
Б70,"Погруддя щільний поролон чашка В, два кольори. Код: Б70",#8203,червоний,120,На плотном,280,,85В червоний,1
Б76,Бюстгальтер в чашку D колір пудри. Код: Б76,#2116,пудра,181,м'яка,450,,100D пудра,4
Б77,"Бюстгальтер Diorella у чашці C, чорний",#32348,чорний,69,На плотном,190,,75С чорний,1
Б78,"Бюстгальтер Diorella у чашці C, білий",#1070,білий,71,м'яка,190,,75С білий,1
Б79,"Бюстгальтер Diorella у чашці C, бордовий",#1070,бордо,71,м'яка,190,,"75С бордо, 80С бордо",6
Б80,"Бюстгальтер Diorella у чашці D, червоний",#1070,червоний,86,м'яка,300,,90D червоний,1
Б81,"Бюстгальтер Diorella у чашці C, чорно-білий",#32675,чорно-білий,74,На тонком,190,,75С чорно-білий,8
Б82,"Бюстгальтер Diorella у чашці C, чорно-золотий",#32181,чорно-бежевий,76,На тонком,330,,75С чорно-бежевий,27
Б85,"Бюстгальтер Diorella у чашці C, білий",#33696,білий,81,На тонком,330,,80С білий,5
Б86,"Бюстгальтер Diorella у чашці D, чорно-білий",#33266,чорно-білий,88,На тонком,220,,75D чорно-білий,4
Б90,"Бюстгальтер Diorella в чашці С, бузковий",#34203,бузковий,102,На тонком,330,,75С бузковий,3
Б96,"Бюстгальтер Diorella у чашці D, блакитний",#63998,блакитний,106,На тонком,320,,75D блакитний,3
Б103,Малиновий ліф зі знімним пуш-апом у чашці А,#7120,малиновий,40,Пуш-ап,90,,75A малиновий,8
Б107,Бежеве погруддя м'яка чашка D. Код: Б107,#90553,бежевий,138.6,м'яка,440,,"80D бежевий, 85D бежевий, 90D бежевий",12
Б112,"Бюстгальтер пуш-ап для відкритого декольте, чашка В. Код: Б112",#2207,білий,142.8,Пуш-ап,420,,85В білий,7
Б116,Бюстик без поролону в чашках С та D. Код: Б116,#2107,чорний,160,м'яка,440,,"90С чорний, 95С чорний",7
Б118,"Чорні бретелі 1,2 см. Код: Б118",#20,чорний,13.86,----,40,,чорні,2
Б119,"Бежеві бретелі 1,5 см. Код: Б119",#1000ш,бежевий,6.62,----,40,,бежеві,3
Б120,Бюстик без поролона чашка білого кольору. Код: Б120,#15771,білий,158.34,м'яка,370,,75В білий,4
Б121,"Бюстгальтер з push-up у чашці B, малиновий",#312,малиновий,43,Пуш-ап,90,,"80В малиновий, 85В малиновий",3
Б122,Зелений бюстгальтер з пуш-апом у чашці В,#7497,зелений,42,Пуш-ап,90,,70В зелений,1
Б123,Зелений бюстгальтер пуш ап у чашці Б,#328,зелений,42,Пуш-ап,90,,80В зелений,3
Б131,"Бюстик відкритої форми чашка С, чорно-бежевий. Код: Б131",#8276,чорно-бежевий,169,На тонком,420,,"80C чорно-бежевий, 85C чорно-бежевий",1
Б134,Бузковий бюст Anfen у чашці 75С. Код: Б134,#919,бузковий,67,На тонком,280,,75С бузковий,3
Б139,Ажурний бюстик пушап чашка B. Код: Б139,#2344,бежевий,148.26,Пуш-ап,420,,85В бежевий,1
Б144,Бюстик без поролону чашка Е сірого кольору. Код: Б144,#2103,темно-сірий,181.24,м'яка,390,,100E темно-сірий,1
Б147,"Рожевий погруддя з атласною стрічкою, пуш-ап чашка B",#2827,рожевий,50,Пуш-ап,90,,"75В рожевий, 80В рожевий",2
Б148,"Погруддя з пуш-ап чашкою A, мереживо зверху чашки",#3863,малиновий,49,Пуш-ап,90,,"75A малиновий, 80A малиновий",2
Б150,"Бюстик пушап чашка, шість кольорів. Код: Б150",#K0488,пудра,134.6,Пуш-ап,370,,"80В пудра, 85В пудра",5
Б152,"Двоколірний погруддя анжеліка з пушап, на чашку А/В. Код: Б152",#X152,молочно-бежевий,138.1,Пуш-ап,350,,85B молочно-бежевий,2
Б153,"Гладкий бюстик чашка E plus, 2 кольори. Код: Б153",#1997-2,бежевий,193.2,На плотном,440,,105E бежевий,1
Б154,"Бюстик на поролоні чашка С, чотири кольори. Код: Б154",#6067,чорно-бежевий,159.57,На тонком,390,,85С чорно-бежевий,1
Б156,"Чорний бюстик з чашками, що дихають, на чашку B. Код: Б156",#017,чорний,138.6,На тонком,320,,"85B чорний, 90B чорний",1
Б166,"Бюстгальтер гладкий зі стрепами, 3-ка, два кольори. Код: Б166",#2284С,білий,124.4,Пуш-ап,370,,"90C білий, 95C білий",1
Б170,Ажурний бюстик чашка D в 2 кольорах. Код: Б170,#8243,бежевий,181,На тонком,430,,80D бежевий,1
Б174,Гладкий молочний бюстик на коректорі. Код: Б174,#9709,молочний,155.25,Пуш-ап,370,,85B молочний,3
Б183,"Контейнер для прання бюстгальтерів Bra Baby (Бра Бейбі, Бра Бебі)",#439,рожевий,43,---,110,,рожевий,1
Б184,Мішечок чохол контейнер для прання нижньої білизни,,мікс кольорів,40,---,100,,1,1
Б185,"Бюстик на чашку з невеликим пушап, два кольори. Код: Б185",#72108,"чорно-бежевий, білий",147,Пуш-ап,390,,"80B чорно-бежевий, 75B білий, 80B білий, 85B білий",1
Б207,Бюстгальтер тонкий поролон 3-ка. Код: Б207,#7777,бежевий,49,На тонком,190,,85С бежевий,1
Б236,Гладкий бюстик у чашці С. Код: Б236,#8431,бордо,87,На плотном,290,,80С бордо,3
Б240,"Ажурне погруддя з гелевим пушком, чашка С. Код: Б240",#В15,чорний,50,Пуш-ап,190,,85C чорний,2
Б250,"Гладкий бюстгальтер пуш-ап чашка, пудра. Код: Б250",#8194,пудра,90,Пуш-ап,320,,80В пудра,1
Б263,Бюстик тонкий поролон чашка C. Код: Б263,#6025,чорно-бежевий,90,На тонком,420,,75С чорно-бежевий,3
Б264,"Бюстик тонкий поролон без кісточок, чашка В. Код: Б264",#8198,червоний,100,На тонком,320,,85В червоний,2
Б265,"Бюстик без поролону чашка, бордо. Код: Б265",#12755-1,бордо,100,м'яка,350,,75C бордо,3
Б280,"Бежевий бюстгальтер із коректором, чашка В. Код: Б280",#729,бежевий,67,Пуш-ап,290,,85В бежевий,1
Б286,Бюстик у чашці У гель пушап. Код: Б286,#B900,сливовий,86,Пуш-ап,330,,85B сливовий,6
Б287,Бюстик пудра великий пуш-ап чашка В. Код: Б287,#5853,"пудра, червоний",120,Пуш-ап,320,,"85B пудра, 85B червоний",5
Б288,"Бюстик у формі квітки, чашка С, три кольори. Код: Б288",#8487,"бордо, пудра",70,На тонком,320,,"75C бордо, 80C пудра, 85C пудра, 90C пудра",4
Б289,"Бюстик балконет чашка, три кольори. Код: Б289",#992,"білий, пудра",106,На тонком,380,,"75B білий, 80B білий, 85B білий, 85B пудра",2
Б290,"Білий мереживний бралетт M, L, XL. Код: Б290",#8075,білий,100,На тонком,320,,"M білий, L білий, XL білий",3
Б304,Чорний бюстик без поролону на чашку D. Код: Б304,#2193,чорний,160,На тонком,370,,90D чорний,1
Б316,Бюстгальтер чашка В. Код: Б316,#1747,синій,109,Пуш-ап,310,,"80B синій, 85B синій",3
Б321,Бюстики у чашці А без пуша. Код: Б321,"#6237, 6252",персиковий,60,На тонком,210,,70А персиковий,2
Б340,"Бралет кольору бордо на кісточці, M, L, XL. Код: Б340",#1767,бордо,93,м'яка,350,,L бордо,1
Б343,Чорний бюстик без поролону на чашку С. Код: Б343,#3-470С,чорний,91.4,м'яка,280,,80С чорний,1
Б346,Бюстик на чашку фуксію кольору D. Код: Б346,#6081-1,фуксія,100,На тонком,380,,"90D фуксія, 100D фуксія",1
Б351,Шикарний бюст на пушап коректорі чашка В. Код: Б351,#18060,червоний,156.94,Пуш-ап,420,,"80B червоний, 85B червоний",1
Б352,"Бюстик у чашці G, два кольори. Код: Б352",#2036,"чорний, темно-сірий",210,м'яка,440,,"105G чорний, 105G сірий, с.110G сірий",4
Б353,Бюстик пушап чашка У 2х кольорах. Код: Б353,#6316,"чорно-бежевий, білий",177.7,Пуш-ап,420,,"80B чорно-бежевий, 85B чорно-бежевий, 75B білий, 80B білий",1
Б360,Бежевий бюстгальтер чашка D. Код: Б360,#107,бежевий,212.1,На тонком,440,,"85D бежевий, 90D бежевий, 105D бежевий",2
Б361,"Шикарний бюст для пишних грудей, чашка D. Код: Б361",#378л,"чорно-бежевий, молочний",210,На тонком,450,,"90D чорно-бежевий, 100D чорно-бежевий, 90D молочний, 95D молочний, 100D молочний",3
Б362,"Бюстгальтер спейсер чашка Е, два кольори. Код: Б362",#8217,"молочний, чорний",212.5,м'яка,460,,"100Е молочний, 110Е молочний, 110Е чорний",1
Б363,"Пушап бюстик-анжеліка на чашку, два кольори B. Код: Б363",#8072,"молочний, чорний",151.2,Пуш-ап,380,,"80B молочний, 85B молочний, 80B чорний",4
Б365,Чорно-леопардовий бюстик на чашку D. Код: Б365,#80002,леопард,289.1,На тонкому,580,,95D леопард,2
Б369,"Бюстик без поролону у чашках С та D, 3 кольори. Код: Б369",#356,червоний,230,м'яка,460,,75D червоний,2
Б373,Чорно-бежевий пушап бюстик чашка В. Код: Б373,#2362,чорно-бежевий,163.8,Пуш-ап,420,,"75В чорно-бежевий, 80В чорно-бежевий",3
Б374,Білий бюстик на поролоні чашка С. Код: Б374,#2375,білий,147,Поролон,420,,80С білий,1
Б375,Білий бюстик на поролоні чашка С. Код: Б375,#7240,білий,132.3,Поролон,420,,75С білий,1
Б376,Бежевий гладкий бюстик чашка С. Код: Б376,#7259,бежевий,161.7,Поролон,420,,"90С бежевий, 95С бежевий",1
Б379,"Розкішний бюстик чашка В, 4 кольори. Код: Б379",#18803,червоний,142.8,Поролон,420,,80В червоний,6
Б384,"Бюстик без кісточок чашка, два кольори. Код: Б384",#2226,"молочний, чорний",168.08,Поролон,380,,"85В молочний, 85В чорний",8
Б385,"Бюстик з пушапом чашка В, два кольори. Код: Б385",#6102,білий,155.63,Пуш-ап,420,,85В білий,5
Б387,Білий бюстик чашка поролон. Код: Б387,#6020,білий,149.4,Поролон,420,,85В білий,2
Б388,Білий бюстик Кубок з невеликим коректором. Код: Б388,#2321,білий,171,Пуш-ап,420,,75C білий,4
Б389,Бюстик у чашці B без поролону. Код: Б389,#2372,"бежевий, молочний,чорний",157,м'яка,430,,"85В бежевий, 85В молочний, 90В чорний",7
Б389,Бюстик у чашці C без поролону. Код: Б389,#2372-1,"бежевий, молочний,чорний",157,м'яка,430,,"90С бежевий, 95С бежевий, 85С молочний, 85С чорний, 90С чорний, 95С чорний",4
Б389,Бюстик у чашці D без поролону. Код: Б389,#2372-2,бежевий,157,м'яка,430,,80D бежевий,1